Device, Threads, Steps, Width, Height, Time (ns), Time Per Step (ns), Time Per Cell (ns)
0, 1, 200, 19500, 883, 10979781100, 54898905, 3.188367
0, 1, 200, 19500, 883, 11089387800, 55446939, 3.220196
0, 1, 200, 19500, 883, 11611320600, 58056603, 3.371757
0, 1, 200, 19500, 883, 10890046200, 54450231, 3.162310
0, 1, 200, 19500, 883, 11223235200, 56116176, 3.259063
0, 1, 200, 19500, 883, 10879629900, 54398149, 3.159285
