Device, Threads, Steps, Width, Height, Time (ns), Time Per Step (ns), Time Per Cell (ns)
0, 12, 200, 19500, 883, 11231414500, 56157072, 3.261438
0, 8, 200, 19500, 883, 10626031100, 53130155, 3.085644
0, 6, 200, 19500, 883, 10439481600, 52197408, 3.031472
0, 4, 200, 19500, 883, 10192040800, 50960204, 2.959619
0, 2, 200, 19500, 883, 11131453500, 55657267, 3.232411
0, 1, 200, 19500, 883, 18297417100, 91487085, 5.313302
