Device, Threads, Steps, Width, Height, Time (ns), Time Per Step (ns), Time Per Cell (ns)
0, 12, 1000, 19500, 883, 55873491400, 55873491, 1446.345099
0, 8, 1000, 19500, 883, 52872921600, 52872921, 1368.672140
0, 6, 1000, 19500, 883, 56811087800, 56811087, 1470.615785
0, 4, 1000, 19500, 883, 79545358100, 79545358, 2059.116693
0, 2, 1000, 19500, 883, 124056992800, 124056992, 3211.347977
0, 1, 1000, 19500, 883, 200419933700, 200419933, 5188.084396
