Device, Threads, Steps, Width, Height, Time (ns), Time Per Step (ns), Time Per Cell (ns)
0, -1, 100, 19500, 1000, 9260599956, 92605999, 4.749026
0, -1, 100, 19500, 2500, 13713935239, 137139352, 23.643383
0, -1, 100, 19500, 5000, 25010457497, 250104574, 21.559524
0, -1, 100, 19500, 7500, 36386430987, 363864309, 20.910563
0, -1, 100, 19500, 10000, 48257827540, 482578275, 20.799615
0, -1, 100, 19500, 12500, 61103169136, 611031691, 21.068870
0, -1, 100, 19500, 15000, 75193002346, 751930023, 21.605966
